<?xml version="1.0" encoding="UTF-8"?>
<GenRun Id="impl_1" LaunchPart="xc7a35tcpg236-1" LaunchTime="1456968717">
  <File Type="OPT-DCP" Name="wrapper_opt.dcp"/>
  <File Type="RUN-CONSTRS" Name="$PDATADIR/runs/impl_1/constrs_in.xml"/>
  <File Type="RUN-SRCS" Name="$PDATADIR/runs/impl_1/sources.xml"/>
  <File Type="ROUTE-DCP" Name="wrapper_routed.dcp"/>
  <File Type="PA-TCL" Name="wrapper.tcl"/>
  <File Type="RUN-STRAT" Name="$PDATADIR/runs/impl_1/impl_1.psg"/>
  <File Type="OPT-DRC" Name="wrapper_drc_opted.rpt"/>
  <File Type="INIT-TIMING" Name="wrapper_timing_summary_init.rpt"/>
  <File Type="OPT-TIMING" Name="wrapper_timing_summary_opted.rpt"/>
  <File Type="OPT-HWDEF" Name="wrapper.hwdef"/>
  <File Type="PWROPT-DCP" Name="wrapper_pwropt.dcp"/>
  <File Type="PWROPT-DRC" Name="wrapper_drc_pwropted.rpt"/>
  <File Type="PWROPT-TIMING" Name="wrapper_timing_summary_pwropted.rpt"/>
  <File Type="PLACE-DCP" Name="wrapper_placed.dcp"/>
  <File Type="PLACE-IO" Name="wrapper_io_placed.rpt"/>
  <File Type="PLACE-CLK" Name="wrapper_clock_utilization_placed.rpt"/>
  <File Type="PLACE-UTIL" Name="wrapper_utilization_placed.rpt"/>
  <File Type="PLACE-UTIL-PB" Name="wrapper_utilization_placed.pb"/>
  <File Type="PLACE-CTRL" Name="wrapper_control_sets_placed.rpt"/>
  <File Type="PLACE-SIMILARITY" Name="wrapper_incremental_reuse_placed.rpt"/>
  <File Type="PLACE-PRE-SIMILARITY" Name="wrapper_incremental_reuse_pre_placed.rpt"/>
  <File Type="PLACE-TIMING" Name="wrapper_timing_summary_placed.rpt"/>
  <File Type="POSTPLACE-PWROPT-DCP" Name="wrapper_postplace_pwropt.dcp"/>
  <File Type="POSTPLACE-PWROPT-TIMING" Name="wrapper_timing_summary_postplace_pwropted.rpt"/>
  <File Type="PHYSOPT-DCP" Name="wrapper_physopt.dcp"/>
  <File Type="RDI-RDI" Name="wrapper.vdi"/>
  <File Type="PHYSOPT-DRC" Name="wrapper_drc_physopted.rpt"/>
  <File Type="PHYSOPT-TIMING" Name="wrapper_timing_summary_physopted.rpt"/>
  <File Type="ROUTE-DRC" Name="wrapper_drc_routed.rpt"/>
  <File Type="ROUTE-DRC-PB" Name="wrapper_drc_routed.pb"/>
  <File Type="ROUTE-PWR" Name="wrapper_power_routed.rpt"/>
  <File Type="ROUTE-PWR-SUM" Name="wrapper_power_summary_routed.pb"/>
  <File Type="ROUTE-STATUS" Name="wrapper_route_status.rpt"/>
  <File Type="ROUTE-STATUS-PB" Name="wrapper_route_status.pb"/>
  <File Type="ROUTE-TIMINGSUMMARY" Name="wrapper_timing_summary_routed.rpt"/>
  <File Type="ROUTE-TIMING-PB" Name="wrapper_timing_summary_routed.pb"/>
  <File Type="ROUTE-TIMING-RPX" Name="wrapper_timing_summary_routed.rpx"/>
  <File Type="ROUTE-SIMILARITY" Name="wrapper_incremental_reuse_routed.rpt"/>
  <File Type="ROUTE-CLK" Name="wrapper_clock_utilization_routed.rpt"/>
  <File Type="POSTROUTE-PHYSOPT-DCP" Name="wrapper_postroute_physopt.dcp"/>
  <File Type="POSTROUTE-PHYSOPT-TIMING" Name="wrapper_timing_summary_postroute_physopted.rpt"/>
  <File Type="POSTROUTE-PHYSOPT-TIMING-PB" Name="wrapper_timing_summary_postroute_physopted.pb"/>
  <File Type="POSTROUTE-PHYSOPT-TIMING-RPX" Name="wrapper_timing_summary_postroute_physopted.rpx"/>
  <File Type="BG-BIT" Name="wrapper.bit"/>
  <File Type="BG-BIN" Name="wrapper.bin"/>
  <File Type="BITSTR-MSK" Name="wrapper.msk"/>
  <File Type="BITSTR-RBT" Name="wrapper.rbt"/>
  <File Type="BITSTR-NKY" Name="wrapper.nky"/>
  <File Type="BITSTR-BMM" Name="wrapper_bd.bmm"/>
  <File Type="BITSTR-MMI" Name="wrapper.mmi"/>
  <File Type="BITSTR-SYSDEF" Name="wrapper.sysdef"/>
  <File Type="BG-BGN" Name="wrapper.bgn"/>
  <File Type="BG-DRC" Name="wrapper.drc"/>
  <File Type="WBT-USG" Name="usage_statistics_webtalk.html"/>
  <FileSet Name="sources" Type="DesignSrcs" RelSrcDir="$PSRCDIR/sources_1">
    <Filter Type="Srcs"/>
    <File Path="$PSRCDIR/sources_1/new/mux.v">
      <FileInfo>
        <Attr Name="UsedIn" Val="synthesis"/>
        <Attr Name="UsedIn" Val="implementation"/>
        <Attr Name="UsedIn" Val="simulation"/>
      </FileInfo>
    </File>
    <File Path="$PSRCDIR/sources_1/new/demux.v">
      <FileInfo>
        <Attr Name="UsedIn" Val="synthesis"/>
        <Attr Name="UsedIn" Val="implementation"/>
        <Attr Name="UsedIn" Val="simulation"/>
      </FileInfo>
    </File>
    <File Path="$PSRCDIR/sources_1/new/wrapper.v">
      <FileInfo>
        <Attr Name="UsedIn" Val="synthesis"/>
        <Attr Name="UsedIn" Val="implementation"/>
        <Attr Name="UsedIn" Val="simulation"/>
      </FileInfo>
    </File>
    <Config>
      <Option Name="DesignMode" Val="RTL"/>
      <Option Name="TopModule" Val="wrapper"/>
      <Option Name="TopAutoSet" Val="TRUE"/>
    </Config>
  </FileSet>
  <FileSet Name="constrs_in" Type="Constrs" RelSrcDir="$PSRCDIR/constrs_1">
    <Filter Type="Constrs"/>
    <File Path="$PSRCDIR/constrs_1/imports/EE214/Basys3_Master.xdc">
      <FileInfo>
        <Attr Name="ImportPath" Val="$PPRDIR/../Basys3_Master.xdc"/>
        <Attr Name="ImportTime" Val="1408390754"/>
        <Attr Name="UsedIn" Val="synthesis"/>
        <Attr Name="UsedIn" Val="implementation"/>
      </FileInfo>
    </File>
    <Config>
      <Option Name="ConstrsType" Val="XDC"/>
    </Config>
  </FileSet>
  <Strategy Version="1" Minor="2">
    <StratHandle Name="Vivado Implementation Defaults" Flow="Vivado Implementation 2015"/>
    <Step Id="init_design"/>
    <Step Id="opt_design"/>
    <Step Id="power_opt_design"/>
    <Step Id="place_design"/>
    <Step Id="post_place_power_opt_design"/>
    <Step Id="phys_opt_design"/>
    <Step Id="route_design"/>
    <Step Id="post_route_phys_opt_design"/>
    <Step Id="write_bitstream"/>
  </Strategy>
</GenRun>
