<?xml version="1.0" encoding="UTF-8"?>
<GenRun Id="impl_1" LaunchPart="xc7a35tcpg236-1" LaunchTime="1444434914">
  <File Type="OPT-DCP" Name="Bin2Seg_opt.dcp"/>
  <File Type="RUN-CONSTRS" Name="$PDATADIR/runs/impl_1/constrs_in.xml"/>
  <File Type="RUN-SRCS" Name="$PDATADIR/runs/impl_1/sources.xml"/>
  <File Type="PWROPT-DCP" Name="Bin2Seg_pwropt.dcp"/>
  <File Type="ROUTE-DCP" Name="Bin2Seg_routed.dcp"/>
  <File Type="PA-TCL" Name="Bin2Seg.tcl"/>
  <File Type="RUN-STRAT" Name="$PDATADIR/runs/impl_1/impl_1.psg"/>
  <File Type="OPT-DRC" Name="Bin2Seg_drc_opted.rpt"/>
  <File Type="PWROPT-DRC" Name="Bin2Seg_drc_pwropted.rpt"/>
  <File Type="OPT-HWDEF" Name="Bin2Seg.hwdef"/>
  <File Type="PLACE-DCP" Name="Bin2Seg_placed.dcp"/>
  <File Type="PLACE-IO" Name="Bin2Seg_io_placed.rpt"/>
  <File Type="PLACE-CLK" Name="Bin2Seg_clock_utilization_placed.rpt"/>
  <File Type="PLACE-UTIL" Name="Bin2Seg_utilization_placed.rpt"/>
  <File Type="PLACE-UTIL-PB" Name="Bin2Seg_utilization_placed.pb"/>
  <File Type="PLACE-CTRL" Name="Bin2Seg_control_sets_placed.rpt"/>
  <File Type="PLACE-SIMILARITY" Name="Bin2Seg_incremental_reuse_placed.rpt"/>
  <File Type="PLACE-PRE-SIMILARITY" Name="Bin2Seg_incremental_reuse_pre_placed.rpt"/>
  <File Type="POSTPLACE-PWROPT-DCP" Name="Bin2Seg_postplace_pwropt.dcp"/>
  <File Type="PHYSOPT-DCP" Name="Bin2Seg_physopt.dcp"/>
  <File Type="RDI-RDI" Name="Bin2Seg.vdi"/>
  <File Type="PHYSOPT-DRC" Name="Bin2Seg_drc_physopted.rpt"/>
  <File Type="ROUTE-DRC" Name="Bin2Seg_drc_routed.rpt"/>
  <File Type="ROUTE-DRC-PB" Name="Bin2Seg_drc_routed.pb"/>
  <File Type="ROUTE-PWR" Name="Bin2Seg_power_routed.rpt"/>
  <File Type="ROUTE-PWR-SUM" Name="Bin2Seg_power_summary_routed.pb"/>
  <File Type="ROUTE-STATUS" Name="Bin2Seg_route_status.rpt"/>
  <File Type="ROUTE-STATUS-PB" Name="Bin2Seg_route_status.pb"/>
  <File Type="ROUTE-TIMINGSUMMARY" Name="Bin2Seg_timing_summary_routed.rpt"/>
  <File Type="ROUTE-TIMING-PB" Name="Bin2Seg_timing_summary_routed.pb"/>
  <File Type="ROUTE-TIMING-RPX" Name="Bin2Seg_timing_summary_routed.rpx"/>
  <File Type="ROUTE-SIMILARITY" Name="Bin2Seg_incremental_reuse_routed.rpt"/>
  <File Type="ROUTE-CLK" Name="Bin2Seg_clock_utilization_routed.rpt"/>
  <File Type="POSTROUTE-PHYSOPT-DCP" Name="Bin2Seg_postroute_physopt.dcp"/>
  <File Type="POSTROUTE-PHYSOPT-TIMING" Name="Bin2Seg_timing_summary_postroute_physopted.rpt"/>
  <File Type="POSTROUTE-PHYSOPT-TIMING-PB" Name="Bin2Seg_timing_summary_postroute_physopted.pb"/>
  <File Type="POSTROUTE-PHYSOPT-TIMING-RPX" Name="Bin2Seg_timing_summary_postroute_physopted.rpx"/>
  <File Type="BG-BIT" Name="Bin2Seg.bit"/>
  <File Type="BG-BIN" Name="Bin2Seg.bin"/>
  <File Type="BITSTR-MSK" Name="Bin2Seg.msk"/>
  <File Type="BITSTR-RBT" Name="Bin2Seg.rbt"/>
  <File Type="BITSTR-NKY" Name="Bin2Seg.nky"/>
  <File Type="BITSTR-BMM" Name="Bin2Seg_bd.bmm"/>
  <File Type="BITSTR-MMI" Name="Bin2Seg.mmi"/>
  <File Type="BITSTR-SYSDEF" Name="Bin2Seg.sysdef"/>
  <File Type="BG-BGN" Name="Bin2Seg.bgn"/>
  <File Type="BG-DRC" Name="Bin2Seg.drc"/>
  <File Type="WBT-USG" Name="usage_statistics_webtalk.html"/>
  <FileSet Name="sources" Type="DesignSrcs" RelSrcDir="$PSRCDIR/sources_1">
    <Filter Type="Srcs"/>
    <File Path="$PSRCDIR/sources_1/imports/project 4 chellange/segment.v">
      <FileInfo>
        <Attr Name="ImportPath" Val="$PPRDIR/../../../../../../../Dropbox/mubarak/EE-214/Project 4/lab4/project 4 chellange/segment.v"/>
        <Attr Name="ImportTime" Val="1382149241"/>
        <Attr Name="UsedIn" Val="synthesis"/>
        <Attr Name="UsedIn" Val="implementation"/>
        <Attr Name="UsedIn" Val="simulation"/>
      </FileInfo>
    </File>
    <Config>
      <Option Name="DesignMode" Val="RTL"/>
      <Option Name="TopModule" Val="Bin2Seg"/>
      <Option Name="TopAutoSet" Val="TRUE"/>
    </Config>
  </FileSet>
  <FileSet Name="constrs_in" Type="Constrs" RelSrcDir="$PSRCDIR/constrs_1">
    <Filter Type="Constrs"/>
    <File Path="$PSRCDIR/constrs_1/new/Basys3.xdc">
      <FileInfo>
        <Attr Name="UsedIn" Val="synthesis"/>
        <Attr Name="UsedIn" Val="implementation"/>
      </FileInfo>
    </File>
    <Config>
      <Option Name="ConstrsType" Val="XDC"/>
    </Config>
  </FileSet>
  <Strategy Version="1" Minor="2">
    <StratHandle Name="Vivado Implementation Defaults" Flow="Vivado Implementation 2015"/>
    <Step Id="init_design"/>
    <Step Id="opt_design"/>
    <Step Id="power_opt_design"/>
    <Step Id="place_design"/>
    <Step Id="post_place_power_opt_design"/>
    <Step Id="phys_opt_design"/>
    <Step Id="route_design"/>
    <Step Id="post_route_phys_opt_design"/>
    <Step Id="write_bitstream"/>
  </Strategy>
</GenRun>
