<?xml version="1.0" encoding="UTF-8"?>
<GenRun Id="impl_1" LaunchPart="xc7a35tcpg236-1" LaunchTime="1456876204">
  <File Type="OPT-DCP" Name="mux_intro_opt.dcp"/>
  <File Type="RUN-CONSTRS" Name="$PDATADIR/runs/impl_1/constrs_in.xml"/>
  <File Type="RUN-SRCS" Name="$PDATADIR/runs/impl_1/sources.xml"/>
  <File Type="ROUTE-DCP" Name="mux_intro_routed.dcp"/>
  <File Type="PA-TCL" Name="mux_intro.tcl"/>
  <File Type="RUN-STRAT" Name="$PDATADIR/runs/impl_1/impl_1.psg"/>
  <File Type="OPT-DRC" Name="mux_intro_drc_opted.rpt"/>
  <File Type="INIT-TIMING" Name="mux_intro_timing_summary_init.rpt"/>
  <File Type="OPT-TIMING" Name="mux_intro_timing_summary_opted.rpt"/>
  <File Type="OPT-HWDEF" Name="mux_intro.hwdef"/>
  <File Type="PWROPT-DCP" Name="mux_intro_pwropt.dcp"/>
  <File Type="PWROPT-DRC" Name="mux_intro_drc_pwropted.rpt"/>
  <File Type="PWROPT-TIMING" Name="mux_intro_timing_summary_pwropted.rpt"/>
  <File Type="PLACE-DCP" Name="mux_intro_placed.dcp"/>
  <File Type="PLACE-IO" Name="mux_intro_io_placed.rpt"/>
  <File Type="PLACE-CLK" Name="mux_intro_clock_utilization_placed.rpt"/>
  <File Type="PLACE-UTIL" Name="mux_intro_utilization_placed.rpt"/>
  <File Type="PLACE-UTIL-PB" Name="mux_intro_utilization_placed.pb"/>
  <File Type="PLACE-CTRL" Name="mux_intro_control_sets_placed.rpt"/>
  <File Type="PLACE-SIMILARITY" Name="mux_intro_incremental_reuse_placed.rpt"/>
  <File Type="PLACE-PRE-SIMILARITY" Name="mux_intro_incremental_reuse_pre_placed.rpt"/>
  <File Type="PLACE-TIMING" Name="mux_intro_timing_summary_placed.rpt"/>
  <File Type="POSTPLACE-PWROPT-DCP" Name="mux_intro_postplace_pwropt.dcp"/>
  <File Type="POSTPLACE-PWROPT-TIMING" Name="mux_intro_timing_summary_postplace_pwropted.rpt"/>
  <File Type="PHYSOPT-DCP" Name="mux_intro_physopt.dcp"/>
  <File Type="RDI-RDI" Name="mux_intro.vdi"/>
  <File Type="PHYSOPT-DRC" Name="mux_intro_drc_physopted.rpt"/>
  <File Type="PHYSOPT-TIMING" Name="mux_intro_timing_summary_physopted.rpt"/>
  <File Type="ROUTE-DRC" Name="mux_intro_drc_routed.rpt"/>
  <File Type="ROUTE-DRC-PB" Name="mux_intro_drc_routed.pb"/>
  <File Type="ROUTE-PWR" Name="mux_intro_power_routed.rpt"/>
  <File Type="ROUTE-PWR-SUM" Name="mux_intro_power_summary_routed.pb"/>
  <File Type="ROUTE-STATUS" Name="mux_intro_route_status.rpt"/>
  <File Type="ROUTE-STATUS-PB" Name="mux_intro_route_status.pb"/>
  <File Type="ROUTE-TIMINGSUMMARY" Name="mux_intro_timing_summary_routed.rpt"/>
  <File Type="ROUTE-TIMING-PB" Name="mux_intro_timing_summary_routed.pb"/>
  <File Type="ROUTE-TIMING-RPX" Name="mux_intro_timing_summary_routed.rpx"/>
  <File Type="ROUTE-SIMILARITY" Name="mux_intro_incremental_reuse_routed.rpt"/>
  <File Type="ROUTE-CLK" Name="mux_intro_clock_utilization_routed.rpt"/>
  <File Type="POSTROUTE-PHYSOPT-DCP" Name="mux_intro_postroute_physopt.dcp"/>
  <File Type="POSTROUTE-PHYSOPT-TIMING" Name="mux_intro_timing_summary_postroute_physopted.rpt"/>
  <File Type="POSTROUTE-PHYSOPT-TIMING-PB" Name="mux_intro_timing_summary_postroute_physopted.pb"/>
  <File Type="POSTROUTE-PHYSOPT-TIMING-RPX" Name="mux_intro_timing_summary_postroute_physopted.rpx"/>
  <File Type="BG-BIT" Name="mux_intro.bit"/>
  <File Type="BG-BIN" Name="mux_intro.bin"/>
  <File Type="BITSTR-MSK" Name="mux_intro.msk"/>
  <File Type="BITSTR-RBT" Name="mux_intro.rbt"/>
  <File Type="BITSTR-NKY" Name="mux_intro.nky"/>
  <File Type="BITSTR-BMM" Name="mux_intro_bd.bmm"/>
  <File Type="BITSTR-MMI" Name="mux_intro.mmi"/>
  <File Type="BITSTR-SYSDEF" Name="mux_intro.sysdef"/>
  <File Type="BG-BGN" Name="mux_intro.bgn"/>
  <File Type="BG-DRC" Name="mux_intro.drc"/>
  <File Type="WBT-USG" Name="usage_statistics_webtalk.html"/>
  <FileSet Name="sources" Type="DesignSrcs" RelSrcDir="$PSRCDIR/sources_1">
    <Filter Type="Srcs"/>
    <File Path="$PSRCDIR/sources_1/new/mux_intro.v">
      <FileInfo>
        <Attr Name="UsedIn" Val="synthesis"/>
        <Attr Name="UsedIn" Val="implementation"/>
        <Attr Name="UsedIn" Val="simulation"/>
      </FileInfo>
    </File>
    <Config>
      <Option Name="DesignMode" Val="RTL"/>
      <Option Name="TopModule" Val="mux_intro"/>
      <Option Name="TopAutoSet" Val="TRUE"/>
    </Config>
  </FileSet>
  <FileSet Name="constrs_in" Type="Constrs" RelSrcDir="$PSRCDIR/constrs_1">
    <Filter Type="Constrs"/>
    <File Path="$PSRCDIR/constrs_1/imports/EE214/Basys3_Master.xdc">
      <FileInfo>
        <Attr Name="ImportPath" Val="$PPRDIR/../Basys3_Master.xdc"/>
        <Attr Name="ImportTime" Val="1408390754"/>
        <Attr Name="UsedIn" Val="synthesis"/>
        <Attr Name="UsedIn" Val="implementation"/>
      </FileInfo>
    </File>
    <Config>
      <Option Name="ConstrsType" Val="XDC"/>
    </Config>
  </FileSet>
  <Strategy Version="1" Minor="2">
    <StratHandle Name="Vivado Implementation Defaults" Flow="Vivado Implementation 2015"/>
    <Step Id="init_design"/>
    <Step Id="opt_design"/>
    <Step Id="power_opt_design"/>
    <Step Id="place_design"/>
    <Step Id="post_place_power_opt_design"/>
    <Step Id="phys_opt_design"/>
    <Step Id="route_design"/>
    <Step Id="post_route_phys_opt_design"/>
    <Step Id="write_bitstream"/>
  </Strategy>
</GenRun>
